"","x","y1","y2","diff"
"299",0.749773192685097,0.865771812080537,0.724832214765101,0.140939597315436
"300",0.74848308658693,0.866220735785953,0.722408026755853,0.1438127090301
"301",0.747219280921854,0.866666666666667,0.72,0.146666666666667
"302",0.746980461524799,0.867109634551495,0.720930232558139,0.146179401993356
"303",0.744759221677668,0.867549668874172,0.721854304635762,0.145695364238411
"304",0.743944606161676,0.867986798679868,0.722772277227723,0.145214521452145
"305",0.743367087794468,0.868421052631579,0.723684210526316,0.144736842105263
"306",0.743067703791894,0.868852459016393,0.724590163934426,0.144262295081967
"307",0.742495619575493,0.869281045751634,0.722222222222222,0.147058823529412
"308",0.740687474259175,0.86970684039088,0.719869706840391,0.149837133550489
"309",0.739611234283075,0.87012987012987,0.720779220779221,0.149350649350649
"310",0.739401342929341,0.870550161812298,0.72168284789644,0.148867313915858
"311",0.738516519661061,0.870967741935484,0.719354838709677,0.151612903225806
"312",0.738125264020273,0.868167202572347,0.720257234726688,0.147909967845659
"313",0.736308367690071,0.868589743589744,0.721153846153846,0.147435897435897
"314",0.735954860574566,0.869009584664537,0.722044728434505,0.146964856230032
"315",0.733896166668274,0.869426751592357,0.722929936305732,0.146496815286624
"316",0.733580594300292,0.86984126984127,0.723809523809524,0.146031746031746
"317",0.733210482169741,0.867088607594937,0.724683544303797,0.142405063291139
"318",0.730127644608729,0.867507886435331,0.725552050473186,0.141955835962145
"319",0.728698633628902,0.864779874213837,0.723270440251572,0.141509433962264
"320",0.728496788399001,0.862068965517241,0.724137931034483,0.137931034482759
"321",0.728413314092904,0.8625,0.725,0.1375
"322",0.728045741212554,0.862928348909657,0.725856697819315,0.137071651090343
"323",0.726241685682908,0.863354037267081,0.72360248447205,0.139751552795031
"324",0.723291082794403,0.860681114551084,0.724458204334365,0.136222910216718
"325",0.722016931511462,0.861111111111111,0.722222222222222,0.138888888888889
"326",0.71984868333675,0.861538461538462,0.723076923076923,0.138461538461539
"327",0.71952102589421,0.861963190184049,0.723926380368098,0.138036809815951
"328",0.718114048662393,0.859327217125382,0.724770642201835,0.134556574923547
"329",0.71776552987285,0.859756097560976,0.725609756097561,0.134146341463415
"330",0.716253698687069,0.860182370820669,0.726443768996961,0.133738601823708
"331",0.715508185210638,0.860606060606061,0.727272727272727,0.133333333333333
"332",0.714721981436014,0.861027190332326,0.72809667673716,0.132930513595166
"333",0.714626042288728,0.86144578313253,0.728915662650602,0.132530120481928
"334",0.713689541444182,0.861861861861862,0.72972972972973,0.132132132132132
"335",0.713487883214839,0.862275449101796,0.727544910179641,0.134730538922156
"336",0.712920037913136,0.862686567164179,0.728358208955224,0.134328358208955
"337",0.712054589064792,0.863095238095238,0.729166666666667,0.133928571428572
"338",0.712015104014426,0.863501483679525,0.72700296735905,0.136498516320475
"339",0.711888879200399,0.86094674556213,0.727810650887574,0.133136094674556
"340",0.711523496895097,0.861356932153392,0.725663716814159,0.135693215339233
"341",0.711165337706916,0.861764705882353,0.726470588235294,0.135294117647059
"342",0.71067984518595,0.86217008797654,0.724340175953079,0.13782991202346
"343",0.70845901418943,0.862573099415205,0.722222222222222,0.140350877192982
"344",0.708314361632802,0.862973760932945,0.723032069970845,0.139941690962099
"345",0.707956600817852,0.863372093023256,0.723837209302326,0.13953488372093
"346",0.706752338679507,0.863768115942029,0.721739130434783,0.142028985507246
"347",0.705953821074218,0.864161849710983,0.719653179190751,0.144508670520231
"348",0.705935791118166,0.861671469740634,0.720461095100865,0.141210374639769
"349",0.705264637828805,0.862068965517241,0.718390804597701,0.14367816091954
"350",0.704394240130037,0.859598853868195,0.716332378223496,0.143266475644699
"351",0.704207200324163,0.86,0.714285714285714,0.145714285714286
"352",0.703796149697155,0.86039886039886,0.712250712250712,0.148148148148148
"353",0.70362571021542,0.860795454545455,0.710227272727273,0.150568181818182
"354",0.702618168181682,0.858356940509915,0.708215297450425,0.15014164305949
"355",0.702086625620723,0.858757062146893,0.706214689265537,0.152542372881356
"356",0.699704975006171,0.859154929577465,0.707042253521127,0.152112676056338
"357",0.698592655127868,0.859550561797753,0.705056179775281,0.154494382022472
"358",0.697548499447294,0.859943977591036,0.703081232492997,0.156862745098039
"359",0.696560419397429,0.860335195530726,0.701117318435754,0.159217877094972
"360",0.695885872817598,0.860724233983287,0.6991643454039,0.161559888579387
"361",0.694749892340042,0.861111111111111,0.697222222222222,0.163888888888889
"362",0.693025327986106,0.861495844875346,0.695290858725762,0.166204986149584
"363",0.692133343778551,0.861878453038674,0.693370165745856,0.168508287292818
"364",0.691052146011349,0.859504132231405,0.691460055096419,0.168044077134986
"365",0.690964777244821,0.857142857142857,0.68956043956044,0.167582417582418
"366",0.690144647029229,0.857534246575342,0.687671232876712,0.16986301369863
"367",0.687978171277791,0.85792349726776,0.685792349726776,0.172131147540984
"368",0.687799688312225,0.858310626702997,0.683923705722071,0.174386920980926
"369",0.687303192910836,0.855978260869565,0.682065217391304,0.173913043478261
"370",0.687082928605378,0.856368563685637,0.682926829268293,0.173441734417344
"371",0.686410072492436,0.856756756756757,0.681081081081081,0.175675675675676
"372",0.686132850940339,0.857142857142857,0.679245283018868,0.177897574123989
"373",0.684848243137822,0.85752688172043,0.67741935483871,0.18010752688172
"374",0.684587976429611,0.857908847184987,0.67828418230563,0.179624664879357
"375",0.683590219821781,0.858288770053476,0.676470588235294,0.181818181818182
"376",0.683199813822284,0.858666666666667,0.674666666666667,0.184
"377",0.680476652433982,0.856382978723404,0.672872340425532,0.183510638297872
"378",0.678767711900948,0.854111405835544,0.671087533156499,0.183023872679045
"379",0.678630568197954,0.851851851851852,0.669312169312169,0.182539682539683
"380",0.678618831909262,0.852242744063325,0.66754617414248,0.184696569920844
"381",0.678493538754992,0.852631578947368,0.66578947368421,0.186842105263158
"382",0.676499251043424,0.853018372703412,0.664041994750656,0.188976377952756
"383",0.674110653111711,0.853403141361257,0.662303664921466,0.191099476439791
"384",0.672415273380466,0.85378590078329,0.660574412532637,0.193211488250653
"385",0.672318661003374,0.854166666666667,0.658854166666667,0.1953125
"386",0.672245818655938,0.854545454545454,0.657142857142857,0.197402597402597
"387",0.671786351012997,0.854922279792746,0.655440414507772,0.199481865284974
"388",0.669641691609286,0.855297157622739,0.65374677002584,0.201550387596899
"389",0.669397909892723,0.855670103092783,0.652061855670103,0.20360824742268
"390",0.668902314500883,0.856041131105398,0.650385604113111,0.205655526992288
"391",0.668576621566899,0.856410256410256,0.648717948717949,0.207692307692308
"392",0.668115671658169,0.854219948849105,0.647058823529412,0.207161125319693
"393",0.667622718276021,0.852040816326531,0.645408163265306,0.206632653061224
"394",0.667422367376275,0.852417302798982,0.646310432569975,0.206106870229008
"395",0.664885087870061,0.852791878172589,0.644670050761421,0.208121827411167
"396",0.664857572526671,0.853164556962025,0.645569620253165,0.207594936708861
"397",0.664787522193159,0.851010101010101,0.643939393939394,0.207070707070707
"398",0.662840962177143,0.851385390428212,0.644836272040302,0.206549118387909
"399",0.662639151676558,0.851758793969849,0.64321608040201,0.208542713567839
"400",0.662193013704382,0.852130325814536,0.641604010025063,0.210526315789474
"401",0.66032221110072,0.8525,0.64,0.2125
"402",0.659222904825583,0.85286783042394,0.638403990024938,0.214463840399002
"403",0.658746910747141,0.853233830845771,0.639303482587065,0.213930348258706
"404",0.658591077663004,0.853598014888337,0.637717121588089,0.215880893300248
"405",0.658306227414869,0.853960396039604,0.636138613861386,0.217821782178218
"406",0.656911806934702,0.851851851851852,0.634567901234568,0.217283950617284
"407",0.655912153539248,0.852216748768473,0.633004926108374,0.219211822660099
"408",0.655435389839113,0.852579852579853,0.631449631449631,0.221130221130221
"409",0.655215219594538,0.852941176470588,0.629901960784314,0.223039215686274
"410",0.655047082575038,0.853300733496333,0.628361858190709,0.224938875305624
"411",0.654843300930224,0.853658536585366,0.626829268292683,0.226829268292683
"412",0.654823715682141,0.854014598540146,0.625304136253041,0.228710462287105
"413",0.654512684210204,0.854368932038835,0.62378640776699,0.230582524271845
"414",0.654143341573637,0.852300242130751,0.62227602905569,0.23002421307506
"415",0.654047378571704,0.852657004830918,0.620772946859903,0.231884057971015
"416",0.654010424856097,0.853012048192771,0.619277108433735,0.233734939759036
"417",0.653832870302722,0.853365384615385,0.617788461538462,0.235576923076923
"418",0.653609175002202,0.853717026378897,0.616306954436451,0.237410071942446
"419",0.65352209408785,0.851674641148325,0.614832535885168,0.236842105263158
"420",0.65273414272815,0.852028639618138,0.613365155131265,0.238663484486874
"421",0.652630259033835,0.85,0.611904761904762,0.238095238095238
"422",0.652336101513356,0.850356294536817,0.610451306413302,0.239904988123515
"423",0.651510898838751,0.850710900473934,0.609004739336493,0.241706161137441
"424",0.651346685364842,0.851063829787234,0.607565011820331,0.243498817966903
"425",0.650147786056017,0.849056603773585,0.606132075471698,0.242924528301887
"426",0.650099526974373,0.849411764705882,0.604705882352941,0.244705882352941
"427",0.64763204602059,0.849765258215962,0.603286384976526,0.246478873239437
"428",0.646157920127735,0.850117096018735,0.601873536299766,0.248243559718969
"429",0.644635834614746,0.850467289719626,0.602803738317757,0.247663551401869
"430",0.643768820795231,0.850815850815851,0.601398601398601,0.249417249417249
"431",0.643111642333679,0.851162790697674,0.6,0.251162790697674
"432",0.64172977139242,0.851508120649652,0.59860788863109,0.252900232018561
"433",0.641366791795008,0.851851851851852,0.597222222222222,0.25462962962963
"434",0.640386311919428,0.852193995381062,0.595842956120092,0.25635103926097
"435",0.640187572571449,0.852534562211982,0.594470046082949,0.258064516129032
"436",0.640128888073377,0.852873563218391,0.593103448275862,0.259770114942529
"437",0.63977135438472,0.853211009174312,0.591743119266055,0.261467889908257
"438",0.639578111469746,0.853546910755149,0.590389016018307,0.263157894736842
"439",0.637800651369616,0.853881278538813,0.591324200913242,0.262557077625571
"440",0.636783344833441,0.851936218678816,0.58997722095672,0.261958997722096
"441",0.636103602824733,0.852272727272727,0.590909090909091,0.261363636363636
"442",0.636076420079917,0.852607709750567,0.589569160997732,0.263038548752835
"443",0.634209884796292,0.852941176470588,0.590497737556561,0.262443438914027
"444",0.63341039000079,0.853273137697517,0.589164785553047,0.264108352144469
"445",0.633342227200046,0.853603603603604,0.587837837837838,0.265765765765766
"446",0.632593335933052,0.853932584269663,0.586516853932584,0.267415730337079
"447",0.632556514348835,0.854260089686099,0.585201793721973,0.269058295964126
"448",0.631943236803636,0.854586129753915,0.583892617449664,0.270693512304251
"449",0.631177841103636,0.854910714285714,0.584821428571429,0.270089285714286
"450",0.630356920588249,0.853006681514477,0.583518930957684,0.269487750556793
"451",0.629404909326695,0.853333333333333,0.582222222222222,0.271111111111111
"452",0.629073324147612,0.853658536585366,0.580931263858093,0.272727272727273
"453",0.627350342809223,0.853982300884956,0.579646017699115,0.274336283185841
"454",0.626746379393882,0.852097130242826,0.578366445916115,0.273730684326711
"455",0.625772850587964,0.852422907488987,0.577092511013216,0.275330396475771
"456",0.623443227028474,0.852747252747253,0.575824175824176,0.276923076923077
"457",0.62276504721581,0.850877192982456,0.574561403508772,0.276315789473684
"458",0.622201502323151,0.851203501094092,0.573304157549234,0.277899343544858
"459",0.621964413672686,0.851528384279476,0.572052401746725,0.279475982532751
"460",0.621554730110802,0.851851851851852,0.570806100217865,0.281045751633987
"461",0.620853508842871,0.85,0.569565217391304,0.280434782608696
"462",0.619512863340788,0.850325379609544,0.568329718004338,0.281995661605206
"463",0.617330630775541,0.850649350649351,0.567099567099567,0.283549783549784
"464",0.616787429782562,0.85097192224622,0.565874730021598,0.285097192224622
"465",0.616645545362383,0.849137931034483,0.564655172413793,0.28448275862069
"466",0.616275253007188,0.849462365591398,0.565591397849462,0.283870967741936
"467",0.616112955263816,0.849785407725322,0.564377682403433,0.285407725321888
"468",0.614299847511575,0.850107066381156,0.563169164882227,0.286937901498929
"469",0.61242288199719,0.85042735042735,0.561965811965812,0.288461538461538
"470",0.611248101853221,0.848614072494669,0.560767590618337,0.287846481876333
"471",0.609828310436569,0.848936170212766,0.559574468085106,0.28936170212766
"472",0.609399770502932,0.849256900212314,0.558386411889597,0.290870488322718
"473",0.608858858570503,0.847457627118644,0.557203389830508,0.290254237288136
"474",0.608567357412539,0.847780126849894,0.556025369978858,0.291754756871036
"475",0.607951625599526,0.848101265822785,0.554852320675105,0.293248945147679
"476",0.607433510944247,0.848421052631579,0.553684210526316,0.294736842105263
"477",0.606120463926345,0.848739495798319,0.552521008403361,0.296218487394958
"478",0.603771327288018,0.846960167714885,0.551362683438155,0.29559748427673
"479",0.602993249893188,0.847280334728033,0.550209205020921,0.297071129707113
"480",0.602201222674921,0.847599164926931,0.549060542797495,0.298538622129436
"481",0.602098158211447,0.847916666666667,0.547916666666667,0.3
"482",0.600624018814415,0.848232848232848,0.546777546777547,0.301455301455302
"483",0.600566315930337,0.848547717842324,0.545643153526971,0.302904564315353
"484",0.600070805950852,0.846790890269151,0.546583850931677,0.300207039337474
"485",0.599966636393219,0.847107438016529,0.545454545454545,0.301652892561983
"486",0.599200003547594,0.847422680412371,0.544329896907216,0.303092783505155
"487",0.598994565264669,0.845679012345679,0.54320987654321,0.302469135802469
"488",0.598940956615501,0.84394250513347,0.542094455852156,0.301848049281314
"489",0.598333857022226,0.844262295081967,0.540983606557377,0.30327868852459
"490",0.598087325925007,0.844580777096115,0.539877300613497,0.304703476482618
"491",0.597450767527334,0.844897959183673,0.538775510204082,0.306122448979592
"492",0.596636115107685,0.845213849287169,0.539714867617108,0.305498981670061
"493",0.596302731777541,0.845528455284553,0.538617886178862,0.306910569105691
"494",0.596104669733904,0.845841784989858,0.537525354969574,0.308316430020284
"495",0.595312901772559,0.846153846153846,0.536437246963563,0.309716599190283
"496",0.594349396298639,0.846464646464646,0.535353535353535,0.311111111111111
"497",0.593361394829117,0.846774193548387,0.534274193548387,0.3125
"498",0.593168452149257,0.847082494969819,0.533199195171026,0.313883299798793
"499",0.592527861590497,0.847389558232932,0.532128514056225,0.315261044176707
"500",0.591859767255427,0.845691382765531,0.531062124248497,0.314629258517034
"501",0.590652533313937,0.844,0.53,0.314
"502",0.590548104140908,0.844311377245509,0.528942115768463,0.315369261477046
"503",0.588757810099435,0.842629482071713,0.529880478087649,0.312749003984064
"504",0.5876400382258,0.842942345924453,0.52882703777336,0.314115308151093
"505",0.587324911961332,0.843253968253968,0.527777777777778,0.31547619047619
"506",0.584005773963083,0.841584158415842,0.526732673267327,0.314851485148515
"507",0.583523153443821,0.841897233201581,0.525691699604743,0.316205533596838
"508",0.583196890191175,0.842209072978304,0.52465483234714,0.317554240631164
"509",0.580014331499115,0.84251968503937,0.523622047244094,0.318897637795276
"510",0.579523001448251,0.842829076620825,0.522593320235756,0.320235756385069
"511",0.578528129146434,0.843137254901961,0.52156862745098,0.32156862745098
"512",0.57768782008569,0.841487279843444,0.522504892367906,0.318982387475538
"513",0.577530984766781,0.841796875,0.5234375,0.318359375
"514",0.576626883470453,0.842105263157895,0.522417153996101,0.319688109161793
"515",0.576499479473568,0.842412451361868,0.521400778210117,0.321011673151751
"516",0.575791431699728,0.840776699029126,0.520388349514563,0.320388349514563
"517",0.57304139516782,0.84108527131783,0.51937984496124,0.321705426356589
"518",0.571307671605609,0.841392649903288,0.518375241779497,0.323017408123791
"519",0.571036776527762,0.841698841698842,0.517374517374517,0.324324324324324
"520",0.570752208084338,0.840077071290944,0.516377649325626,0.323699421965318
"521",0.570309535250999,0.840384615384615,0.515384615384615,0.325
"522",0.56943983807601,0.838771593090211,0.514395393474088,0.324376199616123
"523",0.568075996590778,0.839080459770115,0.513409961685824,0.325670498084291
"524",0.567039097542875,0.839388145315488,0.512428298279159,0.326959847036329
"525",0.566869449336082,0.83969465648855,0.511450381679389,0.32824427480916
"526",0.566774834296666,0.84,0.510476190476191,0.329523809523809
"527",0.566271658870392,0.840304182509506,0.509505703422053,0.330798479087452
"528",0.565807067090645,0.840607210626186,0.50853889943074,0.332068311195446
"529",0.565278415568173,0.840909090909091,0.507575757575758,0.333333333333333
"530",0.564981069765054,0.841209829867675,0.508506616257089,0.332703213610586
"531",0.56466170715227,0.839622641509434,0.507547169811321,0.332075471698113
"532",0.564149618733551,0.83804143126177,0.506591337099812,0.331450094161959
"533",0.56413489417173,0.838345864661654,0.505639097744361,0.332706766917293
"534",0.563716699020006,0.838649155722326,0.5046904315197,0.333958724202627
"535",0.563460171277574,0.837078651685393,0.50374531835206,0.333333333333333
"536",0.561735543888062,0.837383177570094,0.502803738317757,0.334579439252336
"537",0.560908881365322,0.837686567164179,0.501865671641791,0.335820895522388
"538",0.560740093584172,0.837988826815642,0.500931098696462,0.337057728119181
"539",0.560304452199489,0.838289962825279,0.5,0.338289962825279
"540",0.558067887206562,0.838589981447124,0.499072356215213,0.339517625231911
"541",0.557713898131624,0.838888888888889,0.498148148148148,0.340740740740741
"542",0.557576836901717,0.839186691312384,0.497227356746765,0.341959334565619
"543",0.556851705652662,0.839483394833948,0.496309963099631,0.343173431734317
"544",0.55392133933492,0.839779005524862,0.497237569060773,0.342541436464088
"545",0.55334840901196,0.840073529411765,0.496323529411765,0.34375
"546",0.552643751259893,0.840366972477064,0.495412844036697,0.344954128440367
"547",0.552621532115154,0.840659340659341,0.494505494505495,0.346153846153846
"548",0.55044501106065,0.839122486288848,0.493601462522852,0.345521023765996
"549",0.55040082114283,0.839416058394161,0.492700729927007,0.346715328467153
"550",0.550384520553052,0.839708561020036,0.491803278688525,0.347905282331512
"551",0.550352730788291,0.84,0.490909090909091,0.349090909090909
"552",0.546341546461917,0.840290381125227,0.490018148820327,0.3502722323049
"553",0.544980666483752,0.840579710144927,0.489130434782609,0.351449275362319
"554",0.542492368840612,0.840867992766727,0.488245931283906,0.352622061482821
"555",0.541977509390563,0.84115523465704,0.487364620938628,0.353790613718412
"556",0.541141943865274,0.83963963963964,0.488288288288288,0.351351351351351
"557",0.541079032816924,0.839928057553957,0.487410071942446,0.352517985611511
"558",0.539700450427141,0.838420107719928,0.486535008976661,0.351885098743267
"559",0.538041661609896,0.838709677419355,0.485663082437276,0.353046594982079
"560",0.536940463003702,0.838998211091234,0.48479427549195,0.354203935599284
"561",0.536889940034598,0.839285714285714,0.483928571428571,0.355357142857143
"562",0.536358046811074,0.839572192513369,0.483065953654189,0.35650623885918
"563",0.53502624866087,0.839857651245552,0.48220640569395,0.357651245551601
"564",0.532551622134633,0.840142095914742,0.481349911190053,0.358792184724689
"565",0.527009153622203,0.840425531914894,0.480496453900709,0.359929078014184
"566",0.52582330966834,0.84070796460177,0.479646017699115,0.361061946902655
"567",0.524797454127111,0.840989399293286,0.480565371024735,0.360424028268551
"568",0.524730572826229,0.841269841269841,0.479717813051146,0.361552028218695
"569",0.522885131649673,0.841549295774648,0.480633802816901,0.360915492957746
"570",0.522494798991829,0.84182776801406,0.479789103690685,0.362038664323374
"571",0.520928637590259,0.842105263157895,0.478947368421053,0.363157894736842
"572",0.519997959025204,0.842381786339755,0.478108581436077,0.364273204903678
"573",0.519321326282807,0.842657342657343,0.477272727272727,0.365384615384615
"574",0.519130343621387,0.841186736474695,0.476439790575916,0.364746945898778
"575",0.517728363513015,0.841463414634146,0.477351916376307,0.36411149825784
"576",0.517104816273786,0.841739130434783,0.478260869565217,0.363478260869565
"577",0.516804649843834,0.842013888888889,0.477430555555556,0.364583333333333
"578",0.515696061542258,0.842287694974003,0.476603119584055,0.365684575389948
"579",0.515294006620657,0.84083044982699,0.475778546712803,0.365051903114187
"580",0.514778406824917,0.841105354058722,0.474956822107081,0.366148531951641
"581",0.513927828287706,0.841379310344828,0.474137931034483,0.367241379310345
"582",0.513358447700739,0.841652323580034,0.473321858864028,0.368330464716007
"583",0.51284638280049,0.84192439862543,0.472508591065292,0.369415807560137
"584",0.512600812271421,0.840480274442539,0.471698113207547,0.368782161234991
"585",0.511103411554359,0.840753424657534,0.470890410958904,0.36986301369863
"586",0.510770401648015,0.839316239316239,0.47008547008547,0.369230769230769
"587",0.509421873604879,0.839590443686007,0.47098976109215,0.368600682593857
"588",0.507980314665474,0.839863713798978,0.470187393526405,0.369676320272572
"589",0.507655360602855,0.83843537414966,0.47108843537415,0.36734693877551
"590",0.507313627866097,0.838709677419355,0.470288624787776,0.368421052631579
"591",0.506874969578348,0.838983050847458,0.469491525423729,0.369491525423729
"592",0.506234731399899,0.83756345177665,0.468697123519459,0.368866328257191
"593",0.50619266556469,0.836148648648649,0.467905405405405,0.368243243243243
"594",0.504747878178023,0.836424957841484,0.467116357504216,0.369308600337268
"595",0.504173133185923,0.835016835016835,0.466329966329966,0.368686868686869
"596",0.501641165581532,0.835294117647059,0.465546218487395,0.369747899159664
"597",0.501572731183842,0.835570469798658,0.464765100671141,0.370805369127517
"598",0.501073355902918,0.835845896147404,0.463986599664992,0.371859296482412
"599",0.501054652020391,0.834448160535117,0.463210702341137,0.37123745819398
"600",0.500306077883579,0.834724540901502,0.462437395659432,0.37228714524207
"601",0.499641519682917,0.833333333333333,0.461666666666667,0.371666666666667
"602",0.497528522804042,0.831946755407654,0.46089850249584,0.371048252911814
"603",0.497238695776789,0.832225913621262,0.460132890365449,0.372093023255814
"604",0.495274199736142,0.830845771144279,0.459369817578773,0.371475953565506
"605",0.495091973588038,0.83112582781457,0.458609271523179,0.372516556291391
"606",0.49403854926652,0.829752066115703,0.457851239669421,0.371900826446281
"607",0.493907050429583,0.828382838283828,0.457095709570957,0.371287128712871
"608",0.493707459304475,0.827018121911038,0.456342668863262,0.370675453047776
"609",0.493479665269079,0.825657894736842,0.455592105263158,0.370065789473684
"610",0.493316509082683,0.824302134646962,0.456486042692939,0.367816091954023
"611",0.492821245833917,0.822950819672131,0.455737704918033,0.367213114754098
"612",0.492801129435811,0.821603927986907,0.454991816693944,0.366612111292962
"613",0.491202955284046,0.820261437908497,0.455882352941176,0.36437908496732
"614",0.490955596880959,0.818923327895595,0.455138662316476,0.363784665579119
"615",0.490199700888281,0.817589576547231,0.454397394136808,0.363192182410424
"616",0.48988451992593,0.817886178861789,0.453658536585366,0.364227642276423
"617",0.489427190549581,0.816558441558442,0.452922077922078,0.363636363636364
"618",0.488358373170756,0.815235008103728,0.452188006482982,0.363047001620746
"619",0.487887088321156,0.813915857605178,0.451456310679612,0.362459546925566
"620",0.487157831463024,0.812600969305331,0.450726978998384,0.361873990306947
"621",0.487002128851365,0.812903225806452,0.45,0.362903225806452
"622",0.486055167355572,0.811594202898551,0.449275362318841,0.36231884057971
"623",0.485950500316685,0.811897106109325,0.448553054662379,0.363344051446945
"624",0.485341780964434,0.810593900481541,0.447833065810594,0.362760834670947
"625",0.482990500540968,0.810897435897436,0.448717948717949,0.362179487179487
"626",0.482408855358621,0.8112,0.448,0.3632
"627",0.481908934542397,0.809904153354633,0.447284345047923,0.362619808306709
"628",0.481682189504486,0.808612440191388,0.446570972886762,0.362041467304625
"629",0.481327831611773,0.807324840764331,0.445859872611465,0.361464968152866
"630",0.478996842322317,0.8060413354531,0.445151033386327,0.360890302066773
"631",0.478645997657336,0.804761904761905,0.444444444444444,0.36031746031746
"632",0.476473859252536,0.803486529318542,0.443740095087163,0.359746434231379
"633",0.475774769424719,0.802215189873418,0.443037974683544,0.359177215189873
"634",0.475562211754741,0.802527646129542,0.442338072669826,0.360189573459716
"635",0.475089852180385,0.801261829652997,0.441640378548896,0.359621451104101
"636",0.474749998764601,0.8,0.440944881889764,0.359055118110236
"637",0.474509647841658,0.79874213836478,0.441823899371069,0.356918238993711
"638",0.474496454524277,0.797488226059655,0.441130298273155,0.356357927786499
"639",0.474031354813436,0.797805642633229,0.440438871473354,0.357366771159875
"640",0.473671169286268,0.796557120500782,0.439749608763693,0.356807511737089
"641",0.47337990048409,0.7953125,0.4390625,0.35625
"642",0.473014037960879,0.794071762870515,0.438377535101404,0.355694227769111
"643",0.4729637584905,0.792834890965732,0.437694704049844,0.355140186915888
"644",0.472436835680429,0.791601866251944,0.43701399688958,0.354587869362364
"645",0.472278360926155,0.790372670807453,0.436335403726708,0.354037267080745
"646",0.47175802057239,0.789147286821705,0.435658914728682,0.353488372093023
"647",0.471106223988843,0.787925696594427,0.434984520123839,0.352941176470588
"648",0.469704227616803,0.786707882534776,0.434312210200927,0.352395672333848
"649",0.468533769354858,0.785493827160494,0.433641975308642,0.351851851851852
"650",0.467291905225294,0.784283513097072,0.432973805855162,0.351309707241911
"651",0.467138331807286,0.783076923076923,0.433846153846154,0.349230769230769
"652",0.465750980655483,0.781874039938556,0.433179723502304,0.348694316436252
"653",0.465501636712379,0.780674846625767,0.432515337423313,0.348159509202454
"654",0.465201212843151,0.77947932618683,0.431852986217458,0.347626339969372
"655",0.465069751374784,0.779816513761468,0.431192660550459,0.348623853211009
"656",0.464716490907362,0.778625954198473,0.430534351145038,0.348091603053435
"657",0.464377831656064,0.777439024390244,0.429878048780488,0.347560975609756
"658",0.464143230138046,0.776255707762557,0.430745814307458,0.345509893455099
"659",0.463778225578598,0.775075987841945,0.430091185410334,0.344984802431611
"660",0.463527370827664,0.773899848254932,0.429438543247344,0.344461305007587
"661",0.463517102270331,0.772727272727273,0.428787878787879,0.343939393939394
"662",0.46231507035987,0.773071104387292,0.428139183055976,0.344931921331316
"663",0.462138606654946,0.77190332326284,0.427492447129909,0.34441087613293
"664",0.460459455974128,0.770739064856712,0.42684766214178,0.343891402714932
"665",0.460362815261905,0.769578313253012,0.426204819277108,0.343373493975904
"666",0.460190682818817,0.768421052631579,0.425563909774436,0.342857142857143
"667",0.459028654603797,0.767267267267267,0.424924924924925,0.342342342342342
"668",0.458734590259993,0.766116941529235,0.424287856071964,0.341829085457271
"669",0.458273607261842,0.764970059880239,0.423652694610778,0.341317365269461
"670",0.457127169540566,0.763826606875934,0.424514200298954,0.339312406576981
"671",0.456991223261624,0.764179104477612,0.423880597014925,0.340298507462687
"672",0.45244795939394,0.763040238450075,0.423248882265276,0.339791356184799
"673",0.452373526788491,0.761904761904762,0.422619047619048,0.339285714285714
"674",0.451888031404773,0.760772659732541,0.421991084695394,0.338781575037147
"675",0.451463253662498,0.759643916913947,0.421364985163205,0.338278931750742
"676",0.448177313220678,0.758518518518518,0.420740740740741,0.337777777777778
"677",0.445839081413243,0.757396449704142,0.420118343195266,0.337278106508876
"678",0.445102804153124,0.756277695716396,0.419497784342688,0.336779911373708
"679",0.44390470607054,0.755162241887906,0.418879056047198,0.336283185840708
"680",0.443107941433878,0.754050073637702,0.418262150220913,0.335787923416789
"681",0.443032337480888,0.752941176470588,0.417647058823529,0.335294117647059
"682",0.442356932225842,0.751835535976505,0.417033773861968,0.334801762114537
"683",0.441661426404857,0.752199413489736,0.416422287390029,0.335777126099707
"684",0.440537608892352,0.751098096632504,0.415812591508053,0.335285505124451
"685",0.439008477773676,0.751461988304094,0.415204678362573,0.336257309941521
"686",0.438943478695156,0.75036496350365,0.414598540145985,0.335766423357664
"687",0.436831197057713,0.749271137026239,0.41399416909621,0.335276967930029
"688",0.435709680448025,0.748180494905386,0.413391557496361,0.334788937409025
"689",0.435688790485577,0.747093023255814,0.412790697674419,0.334302325581395
"690",0.435000990739111,0.746008708272859,0.412191582002903,0.333817126269957
"691",0.434703774746333,0.744927536231884,0.411594202898551,0.333333333333333
"692",0.43376185509729,0.743849493487699,0.410998552821997,0.332850940665702
"693",0.432426424024184,0.742774566473988,0.411849710982659,0.330924855491329
"694",0.432340321016135,0.743145743145743,0.411255411255411,0.331890331890332
"695",0.432314603057606,0.742074927953891,0.410662824207493,0.331412103746398
"696",0.431880570365933,0.741007194244604,0.410071942446043,0.330935251798561
"697",0.431280922845441,0.741379310344828,0.40948275862069,0.331896551724138
"698",0.430246110284089,0.740315638450502,0.408895265423242,0.33142037302726
"699",0.427991645075923,0.739255014326648,0.408309455587393,0.330945558739255
"700",0.427719388145369,0.739628040057225,0.407725321888412,0.331902718168813
"701",0.4275994904453,0.738571428571429,0.407142857142857,0.331428571428571
"702",0.427519085154806,0.737517831669044,0.407988587731812,0.329529243937233
"703",0.425186801236449,0.736467236467236,0.407407407407407,0.329059829059829
"704",0.422938190204902,0.736842105263158,0.406827880512091,0.330014224751067
"705",0.421844769172722,0.735795454545455,0.40625,0.329545454545455
"706",0.42177160500325,0.734751773049645,0.40709219858156,0.327659574468085
"707",0.420817855815045,0.73371104815864,0.406515580736544,0.327195467422096
"708",0.419029548977483,0.734087694483734,0.405940594059406,0.328147100424328
"709",0.418890041741482,0.734463276836158,0.405367231638418,0.32909604519774
"710",0.418808581283614,0.73342736248237,0.404795486600846,0.328631875881523
"711",0.418528904770918,0.732394366197183,0.404225352112676,0.328169014084507
"712",0.417818421370599,0.731364275668073,0.40365682137834,0.327707454289733
"713",0.41770116182179,0.731741573033708,0.403089887640449,0.328651685393258
"714",0.417247455567038,0.730715287517532,0.402524544179523,0.328190743338008
"715",0.415184650383145,0.73109243697479,0.401960784313726,0.329131652661064
"716",0.415138307650967,0.73006993006993,0.402797202797203,0.327272727272727
"717",0.414773906343651,0.730446927374302,0.402234636871508,0.328212290502793
"718",0.414289833526714,0.730822873082287,0.401673640167364,0.329149232914923
"719",0.412747709321005,0.729805013927577,0.401114206128134,0.328690807799443
"720",0.412392090908398,0.728789986091794,0.400556328233658,0.328233657858136
"721",0.411161425475986,0.727777777777778,0.4,0.327777777777778
"722",0.410354330117453,0.726768377253814,0.399445214979196,0.327323162274619
"723",0.408029698607225,0.727146814404432,0.398891966759003,0.328254847645429
"724",0.407789089131025,0.726141078838174,0.398340248962656,0.327800829875519
"725",0.40644291441916,0.725138121546961,0.397790055248619,0.327348066298343
"726",0.403579183066913,0.724137931034483,0.397241379310345,0.326896551724138
"727",0.403424610126943,0.724517906336088,0.396694214876033,0.327823691460055
"728",0.40262079458809,0.723521320495186,0.396148555708391,0.327372764786795
"729",0.402347889120749,0.722527472527473,0.395604395604396,0.326923076923077
"730",0.401957642964742,0.722908093278464,0.395061728395062,0.327846364883402
"731",0.401846096732828,0.721917808219178,0.394520547945205,0.327397260273973
"732",0.401610731661986,0.720930232558139,0.393980848153215,0.326949384404925
"733",0.401472689599921,0.719945355191257,0.39344262295082,0.326502732240437
"734",0.400513637567034,0.720327421555252,0.392905866302865,0.327421555252387
"735",0.399721039234998,0.719346049046321,0.392370572207084,0.326975476839237
"736",0.39950250131313,0.718367346938775,0.391836734693878,0.326530612244898
"737",0.399228551854063,0.71875,0.392663043478261,0.326086956521739
"738",0.398789775682143,0.717774762550882,0.3921302578019,0.325644504748982
"739",0.397046277951982,0.718157181571816,0.39159891598916,0.326558265582656
"740",0.396798246448967,0.717185385656292,0.39106901217862,0.326116373477673
"741",0.396656573465634,0.716216216216216,0.390540540540541,0.325675675675676
"742",0.396035415617852,0.716599190283401,0.390013495276653,0.326585695006748
"743",0.395391041526771,0.715633423180593,0.389487870619946,0.326145552560647
"744",0.395308552676518,0.716016150740242,0.388963660834455,0.327052489905787
"745",0.39478493622829,0.71505376344086,0.388440860215054,0.326612903225806
"746",0.394232642370411,0.714093959731544,0.387919463087248,0.326174496644295
"747",0.392521769381685,0.71313672922252,0.38739946380697,0.32573726541555
"748",0.391909895586548,0.713520749665328,0.386880856760375,0.326639892904953
"749",0.391237843374955,0.712566844919786,0.386363636363636,0.32620320855615
"750",0.388652731039771,0.711615487316422,0.387182910547397,0.324432576769025
"751",0.388558041176493,0.710666666666667,0.386666666666667,0.324
"752",0.38544997385171,0.709720372836218,0.386151797603196,0.323568575233023
"753",0.384859283729005,0.708776595744681,0.38563829787234,0.32313829787234
"754",0.383758848464726,0.707835325365206,0.385126162018592,0.322709163346614
"755",0.383705293598361,0.706896551724138,0.385941644562334,0.320954907161804
"756",0.383046607926683,0.705960264900662,0.385430463576159,0.320529801324503
"757",0.381278215277859,0.705026455026455,0.384920634920635,0.32010582010582
"758",0.380523907740477,0.704095112285337,0.38441215323646,0.319682959048877
"759",0.378694249843487,0.703166226912929,0.383905013192612,0.319261213720317
"760",0.37491923129166,0.702239789196311,0.383399209486166,0.318840579710145
"761",0.374367194008019,0.702631578947368,0.384210526315789,0.318421052631579
"762",0.373732337028398,0.703022339027595,0.383705650459921,0.319316688567674
"763",0.373215482661724,0.702099737532808,0.383202099737533,0.318897637795276
"764",0.373191694830628,0.702490170380079,0.384010484927916,0.318479685452163
"765",0.372363616844905,0.701570680628272,0.383507853403141,0.318062827225131
"766",0.372053845827188,0.700653594771242,0.383006535947712,0.317647058823529
"767",0.369934529934612,0.699738903394256,0.382506527415144,0.317232375979112
"768",0.369312603761072,0.698826597131682,0.383311603650587,0.315514993481095
"769",0.364687196440487,0.697916666666667,0.384114583333333,0.313802083333333
"770",0.363126841261515,0.697009102730819,0.383615084525358,0.313394018205462
"771",0.358376405454585,0.696103896103896,0.383116883116883,0.312987012987013
"772",0.356544208823033,0.695201037613489,0.382619974059663,0.312581063553826
"773",0.355698402186113,0.694300518134715,0.382124352331606,0.312176165803109
"774",0.355173208458235,0.693402328589909,0.381630012936611,0.311772315653299
"775",0.354388815845286,0.69250645994832,0.381136950904393,0.311369509043928
"776",0.354003372074501,0.691612903225806,0.380645161290323,0.310967741935484
"777",0.353988255847292,0.690721649484536,0.380154639175258,0.310567010309278
"778",0.353815331912262,0.68983268983269,0.37966537966538,0.31016731016731
"779",0.352492448413663,0.688946015424165,0.379177377892031,0.309768637532134
"780",0.350747398781886,0.68806161745828,0.378690629011553,0.309370988446727
"781",0.348509008461931,0.687179487179487,0.378205128205128,0.308974358974359
"782",0.348426540915256,0.687580025608195,0.377720870678617,0.309859154929577
"783",0.347193486921042,0.686700767263427,0.377237851662404,0.309462915601023
"784",0.346834459121095,0.685823754789272,0.376756066411239,0.309067688378033
"785",0.345871431468066,0.684948979591837,0.376275510204082,0.308673469387755
"786",0.34474273264233,0.684076433121019,0.377070063694268,0.307006369426752
"787",0.344710668313047,0.683206106870229,0.376590330788804,0.306615776081425
"788",0.344284006426472,0.682337992376112,0.376111817026684,0.306226175349428
"789",0.344280203446799,0.681472081218274,0.375634517766497,0.305837563451777
"790",0.34345002758252,0.680608365019011,0.375158428390368,0.305449936628644
"791",0.343410800361745,0.679746835443038,0.374683544303797,0.30506329113924
"792",0.342023114173347,0.678887484197219,0.374209860935525,0.304677623261694
"793",0.340434359695367,0.679292929292929,0.373737373737374,0.305555555555556
"794",0.338093354930426,0.67843631778058,0.373266078184111,0.305170239596469
"795",0.337712849166,0.677581863979849,0.3727959697733,0.304785894206549
"796",0.337436483206013,0.677987421383648,0.372327044025157,0.305660377358491
"797",0.337210298347427,0.678391959798995,0.371859296482412,0.306532663316583
"798",0.336780362694648,0.677540777917189,0.371392722710163,0.306148055207026
"799",0.335672068272764,0.676691729323308,0.370927318295739,0.305764411027569
"800",0.334591258725824,0.675844806007509,0.370463078848561,0.305381727158949
"801",0.334452885468793,0.67625,0.37,0.30625
"802",0.333993065785686,0.675405742821473,0.369538077403246,0.305867665418227
"803",0.332818405247501,0.675810473815461,0.369077306733167,0.306733167082294
"804",0.332710478877621,0.674968866749689,0.368617683686177,0.306351183063512
"805",0.332406781475015,0.674129353233831,0.368159203980099,0.305970149253731
"806",0.332244686393056,0.673291925465838,0.367701863354037,0.305590062111801
"807",0.33179417893454,0.672456575682382,0.367245657568238,0.305210918114144
"808",0.331319025913991,0.671623296158612,0.366790582403965,0.304832713754647
"809",0.330904472142872,0.670792079207921,0.366336633663366,0.304455445544555
"810",0.329347672798787,0.669962917181706,0.367119901112485,0.302843016069221
"811",0.328624565224212,0.67037037037037,0.366666666666667,0.303703703703704
"812",0.327941286259936,0.669543773119605,0.366214549938348,0.303329223181258
"813",0.327798909560058,0.669950738916256,0.36576354679803,0.304187192118227
"814",0.327692297143636,0.669126691266913,0.365313653136531,0.303813038130381
"815",0.324922165563395,0.66953316953317,0.364864864864865,0.304668304668305
"816",0.323820945209889,0.668711656441718,0.36441717791411,0.304294478527607
"817",0.322919240662283,0.667892156862745,0.363970588235294,0.303921568627451
"818",0.322424081835973,0.667074663402693,0.363525091799266,0.303549571603427
"819",0.320780164013295,0.666259168704156,0.363080684596577,0.303178484107579
"820",0.320611729196121,0.665445665445665,0.363858363858364,0.301587301587302
"821",0.319586392536028,0.664634146341463,0.363414634146341,0.301219512195122
"822",0.319253249514429,0.663824604141291,0.362971985383678,0.300852618757613
"823",0.319088719189058,0.664233576642336,0.362530413625304,0.301703163017032
"824",0.318036161096625,0.663426488456865,0.363304981773998,0.300121506682868
"825",0.31746912912094,0.662621359223301,0.362864077669903,0.299757281553398
"826",0.316476730120408,0.661818181818182,0.362424242424242,0.299393939393939
"827",0.31626515905055,0.662227602905569,0.361985472154964,0.300242130750605
"828",0.314670467742726,0.66142684401451,0.362756952841596,0.298669891172914
"829",0.313749771462944,0.660628019323672,0.36231884057971,0.298309178743961
"830",0.312637466264195,0.661037394451146,0.361881785283474,0.299155609167672
"831",0.312591735282298,0.66144578313253,0.36144578313253,0.3
"832",0.312572046352704,0.661853188929001,0.36101083032491,0.300842358604091
"833",0.31230600378057,0.662259615384615,0.360576923076923,0.301682692307692
"834",0.311948355008943,0.661464585834334,0.360144057623049,0.301320528211285
"835",0.31175043743703,0.660671462829736,0.359712230215827,0.300959232613909
"836",0.310342738108851,0.659880239520958,0.359281437125749,0.30059880239521
"837",0.308024146453966,0.660287081339713,0.360047846889952,0.300239234449761
"838",0.307528080654023,0.659498207885305,0.359617682198327,0.299880525686977
"839",0.307512040456885,0.658711217183771,0.360381861575179,0.298329355608592
"840",0.306156260043273,0.65911799761621,0.359952324195471,0.299165673420739
"841",0.305648022100728,0.65952380952381,0.35952380952381,0.3
"842",0.305258569532097,0.658739595719382,0.35909631391201,0.299643281807372
"843",0.303775683824336,0.657957244655582,0.358669833729216,0.299287410926366
"844",0.303675699963765,0.65717674970344,0.358244365361803,0.298932384341637
"845",0.303361105839314,0.656398104265403,0.35781990521327,0.298578199052133
"846",0.30269839146317,0.655621301775148,0.357396449704142,0.298224852071006
"847",0.300905452203357,0.656028368794326,0.356973995271868,0.299054373522459
"848",0.29951994456772,0.655253837072019,0.35655253837072,0.298701298701299
"849",0.299313377859627,0.654481132075472,0.356132075471698,0.298349056603774
"850",0.298122969088091,0.654888103651355,0.356890459363958,0.297997644287397
"851",0.296216350095433,0.655294117647059,0.356470588235294,0.298823529411765
"852",0.296150544624107,0.654524089306698,0.356051703877791,0.298472385428907
"853",0.295982244496767,0.653755868544601,0.356807511737089,0.296948356807512
"854",0.295543987177559,0.652989449003517,0.356389214536929,0.296600234466588
"855",0.29498136376194,0.652224824355972,0.357142857142857,0.295081967213115
"856",0.294326776875351,0.651461988304094,0.357894736842105,0.293567251461988
"857",0.29241423548806,0.650700934579439,0.358644859813084,0.292056074766355
"858",0.292385789623854,0.649941656942824,0.358226371061844,0.29171528588098
"859",0.291773127479926,0.649184149184149,0.357808857808858,0.291375291375291
"860",0.290712442480002,0.648428405122235,0.357392316647264,0.291036088474971
"861",0.289795669783754,0.647674418604651,0.356976744186047,0.290697674418605
"862",0.289417312304711,0.646922183507549,0.356562137049942,0.290360046457607
"863",0.288819783966353,0.646171693735499,0.35614849187935,0.290023201856149
"864",0.288749526862155,0.645422943221321,0.355735805330243,0.289687137891078
"865",0.288666765023433,0.644675925925926,0.356481481481481,0.288194444444444
"866",0.286601749156793,0.64393063583815,0.35606936416185,0.287861271676301
"867",0.286343321391391,0.644341801385681,0.355658198614319,0.288683602771363
"868",0.284820310802262,0.643598615916955,0.355247981545559,0.288350634371396
"869",0.284152145620522,0.642857142857143,0.354838709677419,0.288018433179724
"870",0.284084909084267,0.642117376294592,0.354430379746835,0.287686996547756
"871",0.282967295453013,0.641379310344828,0.354022988505747,0.28735632183908
"872",0.281503373771135,0.641791044776119,0.35361653272101,0.288174512055109
"873",0.280482499803149,0.64105504587156,0.353211009174312,0.287844036697248
"874",0.280266211329554,0.640320733104238,0.352806414662085,0.287514318442153
"875",0.28002421223145,0.639588100686499,0.352402745995423,0.287185354691076
"876",0.278447979484291,0.638857142857143,0.352,0.286857142857143
"877",0.278348691657009,0.638127853881279,0.351598173515982,0.286529680365297
"878",0.276305957004502,0.637400228050171,0.351197263397948,0.286202964652224
"879",0.275767519203178,0.636674259681093,0.350797266514806,0.285876993166287
"880",0.275543114415675,0.637087599544937,0.351535836177474,0.285551763367463
"881",0.272992921904093,0.636363636363636,0.351136363636364,0.285227272727273
"882",0.272677747460869,0.635641316685585,0.350737797956867,0.284903518728717
"883",0.272647758658847,0.634920634920635,0.350340136054422,0.284580498866213
"884",0.270931900632912,0.634201585503964,0.349943374858437,0.284258210645527
"885",0.27086268437729,0.633484162895928,0.349547511312217,0.28393665158371
"886",0.27061010240677,0.632768361581921,0.349152542372881,0.28361581920904
"887",0.270554183774572,0.632054176072235,0.349887133182844,0.282167042889391
"888",0.270012197705205,0.631341600901917,0.349492671927847,0.28184892897407
"889",0.266885816986759,0.630630630630631,0.350225225225225,0.280405405405405
"890",0.265763050101521,0.62992125984252,0.349831271091114,0.280089988751406
"891",0.26013098912576,0.629213483146067,0.349438202247191,0.279775280898876
"892",0.257204740154364,0.628507295173962,0.349046015712682,0.279461279461279
"893",0.25713146352994,0.628923766816143,0.348654708520179,0.280269058295964
"894",0.256556424784975,0.628219484882419,0.348264277715566,0.279955207166853
"895",0.256016184212032,0.62751677852349,0.348993288590604,0.278523489932886
"896",0.25599135937399,0.626815642458101,0.349720670391061,0.277094972067039
"897",0.255362840150562,0.626116071428571,0.349330357142857,0.276785714285714
"898",0.254819367603681,0.625418060200669,0.350055741360089,0.27536231884058
"899",0.254707706704969,0.624721603563474,0.349665924276169,0.275055679287305
"900",0.254707295534275,0.624026696329255,0.349276974416018,0.274749721913237
"901",0.254611563774706,0.623333333333333,0.348888888888889,0.274444444444444
"902",0.254567360946175,0.622641509433962,0.34850166481687,0.274139844617092
"903",0.254343075365578,0.621951219512195,0.348115299334812,0.273835920177384
"904",0.253605873320638,0.621262458471761,0.347729789590255,0.273532668881506
"905",0.252915717142357,0.620575221238938,0.348451327433628,0.27212389380531
"906",0.250257010608104,0.619889502762431,0.348066298342541,0.271823204419889
"907",0.248950980917055,0.619205298013245,0.347682119205298,0.271523178807947
"908",0.248764137596802,0.619625137816979,0.347298787210584,0.272326350606395
"909",0.247476652262795,0.618942731277533,0.348017621145374,0.270925110132159
"910",0.246627982331887,0.618261826182618,0.347634763476348,0.270627062706271
"911",0.246479303614604,0.617582417582418,0.348351648351648,0.269230769230769
"912",0.244530000866568,0.616904500548847,0.349066959385291,0.267837541163557
"913",0.243728250727046,0.616228070175439,0.348684210526316,0.267543859649123
"914",0.243409555489246,0.615553121577218,0.348302300109529,0.267250821467689
"915",0.242088458115207,0.614879649890591,0.347921225382932,0.266958424507659
"916",0.242055969460562,0.614207650273224,0.347540983606557,0.266666666666667
"917",0.242018114050503,0.61353711790393,0.347161572052402,0.266375545851528
"918",0.24197719756078,0.612868047982552,0.346782988004362,0.26608505997819
"919",0.241392577444382,0.612200435729848,0.34640522875817,0.265795206971678
"920",0.240759276440833,0.611534276387378,0.347116430903156,0.264417845484222
"921",0.239465281874293,0.610869565217391,0.346739130434783,0.264130434782609
"922",0.239224441900365,0.610206297502714,0.346362649294245,0.263843648208469
"923",0.238399887386716,0.609544468546638,0.345986984815618,0.26355748373102
"924",0.238065432041441,0.608884073672806,0.345612134344529,0.263271939328277
"925",0.235663234786456,0.608225108225108,0.345238095238095,0.262987012987013
"926",0.235059499772936,0.607567567567568,0.344864864864865,0.262702702702703
"927",0.232991924333808,0.606911447084233,0.344492440604752,0.262419006479482
"928",0.232469748962026,0.606256742179072,0.344120819848975,0.262135922330097
"929",0.230090358525841,0.605603448275862,0.34375,0.261853448275862
"930",0.228885501737678,0.604951560818084,0.343379978471475,0.261571582346609
"931",0.228873924465473,0.604301075268817,0.343010752688172,0.261290322580645
"932",0.228252436703267,0.603651987110634,0.342642320085929,0.261009667024705
"933",0.227883295757333,0.603004291845494,0.342274678111588,0.260729613733906
"934",0.227590516380151,0.602357984994641,0.341907824222937,0.260450160771704
"935",0.225706457759985,0.601713062098501,0.341541755888651,0.26017130620985
"936",0.225071965851511,0.601069518716578,0.341176470588235,0.259893048128342
"937",0.222747808142167,0.60042735042735,0.341880341880342,0.258547008547009
"938",0.221557044078175,0.599786552828175,0.342582710779082,0.257203842049093
"939",0.220718583333972,0.599147121535181,0.342217484008529,0.256929637526652
"940",0.220439140811393,0.598509052183174,0.34185303514377,0.256656017039404
"941",0.220274805477785,0.597872340425532,0.341489361702128,0.256382978723404
"942",0.219741065289988,0.597236981934113,0.341126461211477,0.256110520722636
"943",0.21968134146627,0.596602972399151,0.340764331210191,0.25583864118896
"944",0.216183493637454,0.597030752916225,0.340402969247084,0.256627783669141
"945",0.214396007744323,0.596398305084746,0.340042372881356,0.25635593220339
"946",0.21065646209423,0.595767195767196,0.33968253968254,0.256084656084656
"947",0.210165105549113,0.595137420718816,0.339323467230444,0.255813953488372
"948",0.210136003115624,0.595564941921858,0.3389651531151,0.256599788806758
"949",0.20760703734928,0.594936708860759,0.338607594936709,0.256329113924051
"950",0.207190236108908,0.594309799789252,0.338250790305585,0.256059009483667
"951",0.205285753178268,0.593684210526316,0.337894736842105,0.255789473684211
"952",0.204758047956468,0.593059936908517,0.337539432176656,0.255520504731861
"953",0.202850050168314,0.592436974789916,0.33718487394958,0.255252100840336
"954",0.202840843646722,0.59286463798531,0.336831059811123,0.256033578174187
"955",0.201911194625674,0.592243186582809,0.336477987421384,0.255765199161426
"956",0.201462360487527,0.592670157068063,0.336125654450262,0.256544502617801
"957",0.201119716885113,0.592050209205021,0.335774058577406,0.256276150627615
"958",0.199376039878943,0.591431556948798,0.335423197492163,0.256008359456635
"959",0.197478715532513,0.590814196242171,0.336116910229645,0.254697286012526
"960",0.196770816151411,0.590198123044838,0.335766423357664,0.254431699687174
"961",0.196174448217773,0.589583333333333,0.335416666666667,0.254166666666667
"962",0.195724362756358,0.588969823100936,0.335067637877211,0.253902185223725
"963",0.195508344593735,0.588357588357588,0.334719334719335,0.253638253638254
"964",0.195143404177846,0.587746625129803,0.334371754932503,0.2533748701973
"965",0.1948285251908,0.587136929460581,0.33402489626556,0.253112033195021
"966",0.19458949148088,0.586528497409326,0.334715025906736,0.251813471502591
"967",0.194129911026475,0.58592132505176,0.334368530020704,0.251552795031056
"968",0.19396349446137,0.585315408479835,0.335056876938987,0.250258531540848
"969",0.193477473705811,0.585743801652893,0.334710743801653,0.25103305785124
"970",0.192583905611562,0.585139318885449,0.334365325077399,0.25077399380805
"971",0.190161254942855,0.585567010309278,0.334020618556701,0.251546391752577
"972",0.1893304539408,0.584963954685891,0.33470648815654,0.250257466529351
"973",0.188844269159334,0.584362139917695,0.334362139917695,0.25
"974",0.188439523881397,0.583761562178828,0.334018499486125,0.249743062692703
"975",0.187229958420473,0.583162217659138,0.333675564681725,0.249486652977413
"976",0.186798515219428,0.582564102564103,0.334358974358974,0.248205128205128
"977",0.186763929617531,0.581967213114754,0.334016393442623,0.247950819672131
"978",0.18503236398638,0.581371545547595,0.334698055271238,0.246673490276356
"979",0.183674722594654,0.580777096114519,0.334355828220859,0.246421267893661
"980",0.182155251542593,0.580183861082737,0.334014300306435,0.246169560776302
"981",0.181791825543337,0.580612244897959,0.33469387755102,0.245918367346939
"982",0.181107581631758,0.580020387359837,0.335372069317023,0.244648318042813
"983",0.179162872191207,0.580448065173116,0.335030549898167,0.245417515274949
"984",0.17887548529671,0.579857578840285,0.334689725330621,0.245167853509664
"985",0.178456524828135,0.580284552845528,0.334349593495935,0.245934959349594
"986",0.178139906398139,0.579695431472081,0.334010152284264,0.245685279187817
"987",0.177749401572461,0.580121703853955,0.33367139959432,0.246450304259635
"988",0.17567799556378,0.579533941236069,0.333333333333333,0.246200607902736
"989",0.171794457983524,0.578947368421053,0.332995951417004,0.245951417004049
"990",0.170966234830797,0.578361981799798,0.332659251769464,0.245702730030334
"991",0.170742025384298,0.577777777777778,0.332323232323232,0.245454545454545
"992",0.170254586718478,0.577194752774975,0.331987891019173,0.245206861755802
"993",0.170146586426348,0.576612903225806,0.331653225806452,0.244959677419355
"994",0.169665522768879,0.576032225579053,0.331319234642497,0.244712990936556
"995",0.168363643201049,0.575452716297787,0.330985915492958,0.244466800804829
"996",0.168303643362124,0.574874371859296,0.330653266331658,0.244221105527638
"997",0.166559155423041,0.57429718875502,0.330321285140562,0.243975903614458
"998",0.166037147685969,0.574724172517553,0.329989969909729,0.244734202607824
"999",0.165082551011171,0.574148296593186,0.329659318637275,0.244488977955912
"1000",0.163979938125436,0.573573573573574,0.329329329329329,0.244244244244244
"1001",0.163766505146159,0.573,0.329,0.244
"1002",0.163722743872113,0.572427572427572,0.32967032967033,0.242757242757243
"1003",0.161091035257252,0.57185628742515,0.329341317365269,0.24251497005988
"1004",0.159986573034702,0.571286141575274,0.32901296111665,0.242273180458624
"1005",0.159285007102513,0.570717131474104,0.328685258964143,0.24203187250996
"1006",0.156985842331573,0.570149253731343,0.328358208955224,0.241791044776119
"1007",0.155627245305583,0.569582504970179,0.328031809145129,0.24155069582505
"1008",0.153556418800785,0.56901688182721,0.327706057596822,0.241310824230387
"1009",0.153496539332895,0.568452380952381,0.327380952380952,0.241071428571429
"1010",0.1534829597572,0.56788899900892,0.327056491575818,0.240832507433102
"1011",0.152751779407177,0.567326732673267,0.326732673267327,0.240594059405941
"1012",0.152574331896044,0.566765578635015,0.326409495548961,0.240356083086053
"1013",0.15148580440046,0.566205533596838,0.326086956521739,0.240118577075099
"1014",0.151148510906403,0.565646594274432,0.325765054294176,0.239881539980257
"1015",0.150982084562606,0.56508875739645,0.325443786982249,0.239644970414201
"1016",0.150817414658056,0.56551724137931,0.32512315270936,0.240394088669951
"1017",0.150507896140122,0.56496062992126,0.324803149606299,0.240157480314961
"1018",0.150245904740163,0.564405113077679,0.324483775811209,0.23992133726647
"1019",0.148319932669396,0.56385068762279,0.324165029469548,0.239685658153242
"1020",0.148024350067331,0.563297350343474,0.323846908734053,0.239450441609421
"1021",0.146745272428954,0.562745098039216,0.323529411764706,0.23921568627451
"1022",0.144987543210336,0.562193927522037,0.323212536728697,0.23898139079334
"1023",0.144296577728924,0.561643835616438,0.322896281800391,0.238747553816047
"1024",0.143592136162969,0.561094819159335,0.32258064516129,0.238514173998045
"1025",0.142846554012278,0.560546875,0.322265625,0.23828125
"1026",0.142736593907401,0.56,0.321951219512195,0.238048780487805
"1027",0.142558100774761,0.559454191033138,0.321637426900585,0.237816764132554
"1028",0.142323699719917,0.558909444985394,0.321324245374878,0.237585199610516
"1029",0.140483097488168,0.558365758754864,0.321011673151751,0.237354085603113
"1030",0.140377713927305,0.557823129251701,0.32069970845481,0.23712342079689
"1031",0.136446725363173,0.557281553398058,0.320388349514563,0.236893203883495
"1032",0.135876084584689,0.556741028128031,0.32007759456838,0.236663433559651
"1033",0.135788561454532,0.556201550387597,0.319767441860465,0.236434108527132
"1034",0.134972288328416,0.55566311713456,0.31945788964182,0.23620522749274
"1035",0.133723943021852,0.556092843326886,0.319148936170213,0.236943907156673
"1036",0.13226635921258,0.555555555555556,0.318840579710145,0.236714975845411
"1037",0.130536219989839,0.555019305019305,0.31949806949807,0.235521235521235
"1038",0.12938642724609,0.554484088717454,0.319189971070395,0.235294117647059
"1039",0.129116443279234,0.553949903660886,0.319845857418112,0.234104046242775
"1040",0.129077450514229,0.553416746871992,0.31953801732435,0.233878729547642
"1041",0.129075058692864,0.552884615384615,0.319230769230769,0.233653846153846
"1042",0.128740715220475,0.553314121037464,0.319884726224784,0.23342939481268
"1043",0.128726640423906,0.55278310940499,0.31957773512476,0.23320537428023
"1044",0.128646766558727,0.552253116011505,0.319271332694151,0.232981783317354
"1045",0.128036189953578,0.551724137931034,0.31992337164751,0.231800766283525
"1046",0.126373558625779,0.551196172248804,0.319617224880383,0.231578947368421
"1047",0.126259975864957,0.551625239005736,0.320267686424474,0.231357552581262
"1048",0.126163009778417,0.551098376313276,0.319961795606495,0.231136580706781
"1049",0.125781133367405,0.550572519083969,0.319656488549618,0.230916030534351
"1050",0.124692584917482,0.550047664442326,0.319351763584366,0.23069590085796
"1051",0.124559569801304,0.54952380952381,0.319047619047619,0.230476190476191
"1052",0.124320213627391,0.549000951474786,0.318744053282588,0.230256898192198
"1053",0.123884185384184,0.549429657794677,0.318441064638783,0.230988593155894
"1054",0.12082796433226,0.54985754985755,0.318138651471985,0.231718898385565
"1055",0.11970734596523,0.549335863377609,0.317836812144212,0.231499051233397
"1056",0.119540995639118,0.549763033175355,0.318483412322275,0.231279620853081
"1057",0.119161176245701,0.549242424242424,0.318181818181818,0.231060606060606
"1058",0.118406461844908,0.548722800378429,0.317880794701987,0.230842005676443
"1059",0.115317167628699,0.54820415879017,0.31758034026465,0.23062381852552
"1060",0.114434459819028,0.547686496694995,0.31728045325779,0.230406043437205
"1061",0.114114434329951,0.547169811320755,0.316981132075472,0.230188679245283
"1062",0.113776999394107,0.546654099905749,0.316682375117813,0.229971724787936
"1063",0.113295492435959,0.546139359698682,0.31638418079096,0.229755178907721
"1064",0.112071271161216,0.545625587958608,0.316086547507056,0.229539040451552
"1065",0.111721674443525,0.546052631578947,0.315789473684211,0.230263157894737
"1066",0.111175864905799,0.545539906103286,0.315492957746479,0.230046948356808
"1067",0.108646656185538,0.545028142589118,0.315196998123827,0.229831144465291
"1068",0.10829084988236,0.544517338331771,0.314901593252109,0.229615745079663
"1069",0.107927174992124,0.544943820224719,0.314606741573034,0.230337078651685
"1070",0.10786951319176,0.5444340505145,0.314312441534144,0.230121608980355
"1071",0.105514988338165,0.54392523364486,0.314018691588785,0.229906542056075
"1072",0.104492094255502,0.543417366946779,0.313725490196078,0.2296918767507
"1073",0.104393264979001,0.542910447761194,0.313432835820896,0.229477611940298
"1074",0.104277496913464,0.543336439888164,0.314072693383038,0.229263746505126
"1075",0.10336828500832,0.542830540037244,0.313780260707635,0.229050279329609
"1076",0.101947837526046,0.542325581395349,0.314418604651163,0.227906976744186
"1077",0.100826566431362,0.54182156133829,0.314126394052045,0.227695167286245
"1078",0.100377288643296,0.541318477251625,0.313834726090993,0.227483751160631
"1079",0.100347775155527,0.540816326530612,0.313543599257885,0.227272727272727
"1080",0.10011358201429,0.540315106580167,0.313253012048193,0.227062094531974
"1081",0.0993133252206491,0.540740740740741,0.312962962962963,0.227777777777778
"1082",0.0990801398666971,0.540240518038853,0.312673450508788,0.227567067530065
"1083",0.0978098702682368,0.539741219963031,0.312384473197782,0.227356746765249
"1084",0.0976968356962013,0.539242843951985,0.312096029547553,0.227146814404432
"1085",0.0958752754870406,0.538745387453875,0.311808118081181,0.226937269372694
"1086",0.0949735715215001,0.538248847926267,0.311520737327189,0.226728110599078
"1087",0.0946930093387491,0.537753222836096,0.311233885819521,0.226519337016575
"1088",0.0942876509135752,0.537258509659614,0.310947562097516,0.226310947562098
"1089",0.0939361456048558,0.536764705882353,0.310661764705882,0.226102941176471
"1090",0.0937087985953549,0.536271808999082,0.310376492194674,0.225895316804408
"1091",0.0936607264317456,0.535779816513761,0.310091743119266,0.225688073394495
"1092",0.0934582270772336,0.535288725939505,0.30980751604033,0.225481209899175
"1093",0.0921128038112423,0.534798534798535,0.30952380952381,0.225274725274725
"1094",0.0898508019094635,0.534309240622141,0.309240622140897,0.225068618481244
"1095",0.0882616025010217,0.53382084095064,0.309872029250457,0.223948811700183
"1096",0.0880936042325734,0.533333333333333,0.30958904109589,0.223744292237443
"1097",0.0870923358424776,0.532846715328467,0.309306569343066,0.223540145985401
"1098",0.0861893023241381,0.53236098450319,0.309024612579763,0.223336371923427
"1099",0.0851856629506033,0.531876138433515,0.308743169398907,0.223132969034608
"1100",0.0851105163842649,0.531392174704277,0.308462238398544,0.222929936305732
"1101",0.0833695293331356,0.530909090909091,0.308181818181818,0.222727272727273
"1102",0.0827236368673807,0.530426884650318,0.308810172570391,0.221616712079927
"1103",0.0825457535060006,0.530852994555354,0.308529945553539,0.222323049001815
"1104",0.0815400008873944,0.530371713508613,0.308250226654578,0.222121486854034
"1105",0.0785618534901179,0.529891304347826,0.307971014492754,0.221920289855072
"1106",0.0779042453371081,0.530316742081448,0.307692307692308,0.22262443438914
"1107",0.0752516927429312,0.529837251356239,0.307414104882459,0.222423146473779
"1108",0.072925143328635,0.529358626919603,0.30713640469738,0.222222222222222
"1109",0.072891439438751,0.528880866425993,0.306859205776173,0.222021660649819
"1110",0.0726777631563181,0.528403967538323,0.306582506762849,0.221821460775473
"1111",0.0711262529201806,0.527927927927928,0.306306306306306,0.221621621621622
"1112",0.0664240527207032,0.527452745274527,0.306030603060306,0.221422142214221
"1113",0.0662102113646455,0.526978417266187,0.305755395683453,0.221223021582734
"1114",0.0655171981786773,0.526504941599281,0.305480682839173,0.221024258760108
"1115",0.0649202806592965,0.526032315978456,0.305206463195691,0.220825852782765
"1116",0.0640702441562572,0.525560538116592,0.304932735426009,0.220627802690583
"1117",0.0639487839609897,0.525985663082437,0.304659498207885,0.221326164874552
"1118",0.0620929934423883,0.525514771709937,0.304386750223814,0.221128021486124
"1119",0.0611098222670262,0.525044722719141,0.305008944543828,0.220035778175313
"1120",0.0608514000894479,0.524575513851653,0.3047363717605,0.219839142091153
"1121",0.0599938009326975,0.525,0.304464285714286,0.220535714285714
"1122",0.0587302959768777,0.525423728813559,0.304192685102587,0.221231043710972
"1123",0.0584566881899466,0.524955436720143,0.303921568627451,0.221033868092692
"1124",0.0582124617620371,0.524487978628673,0.303650934995548,0.220837043633126
"1125",0.0581637330291443,0.524021352313167,0.303380782918149,0.220640569395018
"1126",0.0579238288992713,0.523555555555556,0.303111111111111,0.220444444444444
"1127",0.0573721136139706,0.523090586145648,0.302841918294849,0.220248667850799
"1128",0.0553406069946894,0.5226264418811,0.302573203194321,0.220053238686779
"1129",0.0552460271416907,0.523049645390071,0.302304964539007,0.220744680851064
"1130",0.0551673963344563,0.522586359610275,0.302037201062888,0.220549158547387
"1131",0.0551374057862395,0.52212389380531,0.301769911504425,0.220353982300885
"1132",0.0549719226205163,0.521662245800177,0.301503094606543,0.220159151193634
"1133",0.0540336660227273,0.521201413427562,0.301236749116608,0.219964664310954
"1134",0.0536710544487741,0.520741394527802,0.300970873786408,0.219770520741395
"1135",0.0524595415148814,0.520282186948854,0.300705467372134,0.21957671957672
"1136",0.0510592784159025,0.519823788546256,0.300440528634361,0.219383259911894
"1137",0.0506794706637855,0.519366197183099,0.300176056338028,0.21919014084507
"1138",0.050512105332783,0.518909410729991,0.299912049252419,0.218997361477573
"1139",0.0497663480969495,0.518453427065026,0.299648506151142,0.218804920913884
"1140",0.0497032251302339,0.517998244073749,0.299385425812116,0.218612818261633
"1141",0.0496238604554883,0.517543859649123,0.3,0.217543859649123
"1142",0.0494685529495287,0.517090271691499,0.299737072743208,0.217353198948291
"1143",0.0493956049589859,0.516637478108581,0.299474605954466,0.217162872154116
"1144",0.0488116875114175,0.516185476815398,0.299212598425197,0.216972878390201
"1145",0.044244543264308,0.515734265734266,0.298951048951049,0.216783216783217
"1146",0.0441363272589003,0.516157205240175,0.298689956331878,0.217467248908297
"1147",0.0429923555140663,0.515706806282722,0.298429319371728,0.217277486910995
"1148",0.0399885618686653,0.515257192676548,0.298169136878814,0.217088055797733
"1149",0.039797513361848,0.514808362369338,0.297909407665505,0.216898954703833
"1150",0.0390643880999414,0.514360313315927,0.297650130548303,0.216710182767624
"1151",0.0382956949432986,0.513913043478261,0.297391304347826,0.216521739130435
"1152",0.0360494767808332,0.513466550825369,0.297132927888792,0.216333622936577
"1153",0.0351428703148966,0.513020833333333,0.297743055555556,0.215277777777778
"1154",0.0338951331498101,0.512575888985256,0.297484822202949,0.215091066782307
"1155",0.0329479915631167,0.512131715771231,0.297227036395147,0.214904679376083
"1156",0.0328056355847511,0.511688311688312,0.296969696969697,0.214718614718615
"1157",0.0316829676505574,0.511245674740484,0.296712802768166,0.214532871972318
"1158",0.0301136044341465,0.511668107173725,0.296456352636128,0.215211754537597
"1159",0.0297054695590772,0.512089810017271,0.296200345423143,0.215889464594128
"1160",0.02844626536489,0.511647972389991,0.295944779982744,0.215703192407248
"1161",0.0282649088218482,0.511206896551724,0.295689655172414,0.21551724137931
"1162",0.0281217677542544,0.510766580534022,0.295434969853574,0.215331610680448
"1163",0.025069453638806,0.51118760757315,0.295180722891566,0.216006884681583
"1164",0.0249434233022388,0.510748065348237,0.294926913155632,0.215821152192605
"1165",0.0248953560279752,0.510309278350515,0.2946735395189,0.215635738831615
"1166",0.0246572325512511,0.509871244635193,0.294420600858369,0.215450643776824
"1167",0.022969600485377,0.509433962264151,0.295025728987993,0.214408233276158
"1168",0.0228898142791819,0.508997429305913,0.294772922022279,0.214224507283633
"1169",0.019912320540864,0.509417808219178,0.294520547945205,0.214897260273973
"1170",0.0199036263528559,0.5098374679213,0.294268605645851,0.215568862275449
"1171",0.0197177152678557,0.509401709401709,0.294017094017094,0.215384615384615
"1172",0.0196241359845363,0.508966695132365,0.293766011955593,0.215200683176772
"1173",0.0194639809251134,0.50938566552901,0.294368600682594,0.215017064846416
"1174",0.0193389646621328,0.509803921568627,0.294970161977835,0.214833759590793
"1175",0.0192773643773724,0.509369676320273,0.294718909710392,0.214650766609881
"1176",0.0192257082069316,0.508936170212766,0.294468085106383,0.214468085106383
"1177",0.0191034814321017,0.508503401360544,0.29421768707483,0.214285714285714
"1178",0.0166529776741518,0.508071367884452,0.293967714528462,0.21410365335599
"1179",0.0166268214207026,0.507640067911715,0.294567062818336,0.213073005093379
"1180",0.0161152019135212,0.507209499575912,0.29431721798134,0.212892281594572
"1181",0.0149185648140055,0.506779661016949,0.29406779661017,0.21271186440678
"1182",0.0138163543679891,0.506350550381033,0.294665537679932,0.211685012701101
"1183",0.0137491593911732,0.505922165820643,0.294416243654822,0.211505922165821
"1184",0.0131772806769167,0.505494505494505,0.294167371090448,0.211327134404057
"1185",0.0130458977873204,0.505067567567568,0.293918918918919,0.211148648648649
"1186",0.00946167233220302,0.50464135021097,0.293670886075949,0.210970464135021
"1187",0.00793545165477786,0.504215851602024,0.293423271500843,0.21079258010118
"1188",0.00775347288428573,0.503791069924179,0.293176074136479,0.2106149957877
"1189",0.00610539096883032,0.503367003367003,0.292929292929293,0.21043771043771
"1190",0.00604891076035099,0.503784693019344,0.292682926829268,0.211101766190076
"1191",0.00513897057551891,0.503361344537815,0.292436974789916,0.210924369747899
"1192",0.00476288943615044,0.502938706968934,0.293031066330814,0.209907640638119
"1193",0.00268134793018922,0.50251677852349,0.292785234899329,0.209731543624161
"1194",0.00200190535611473,0.502095557418273,0.292539815590947,0.209555741827326
"1195",0.00171167425936088,0.501675041876047,0.292294807370184,0.209380234505863
"1196",0.00158486255878117,0.501255230125523,0.292050209205021,0.209205020920502
"1197",0.000654337995608803,0.500836120401338,0.29180602006689,0.209030100334448
"1198",0.000431534236005973,0.500417710944027,0.29156223893066,0.208855472013367
"1199",0.000170902889049612,0.5,0.291318864774624,0.208681135225376
